#,Category,Disease,Key Symptoms,Primary Medicine(s),Frequency per Day,Time,Duration (Days),Precautions / Notes
1,Infectious Diseases,Influenza,"Fever, chills, body aches, fatigue, cough, sore throat, runny nose",Oseltamivir (Tamiflu) 75mg,2x/day,8:00 AM (Morning) & 9:00 PM (Night),5,"Rest, hydration, avoid contact with others; annual flu vaccine recommended"
2,Infectious Diseases,COVID-19,"Fever, dry cough, fatigue, loss of taste/smell, breathlessness",Nirmatrelvir/Ritonavir (Paxlovid) 300mg/100mg,2x/day,8:00 AM (Morning) & 9:00 PM (Night),5,"Isolation, mask use, hydration, monitor O2 saturation; vaccination strongly advised"
3,Infectious Diseases,Tuberculosis,"Persistent cough >3 weeks, hemoptysis, night sweats, weight loss, fever",Isoniazid + Rifampicin + Pyrazinamide + Ethambutol (HRZE),1x/day,8:00 AM (Morning),180 (6 months),Complete full course; DOT (Directly Observed Therapy) recommended; avoid alcohol
4,Infectious Diseases,Pneumonia,"High fever, productive cough, chest pain, dyspnea, fatigue",Amoxicillin-Clavulanate 875mg OR Azithromycin 500mg,2x/day (Amox) / 1x/day (Azithro),8:00 AM (Morning) & 9:00 PM (Night),7–14,"Rest, hydration, follow-up chest X-ray; hospitalize if SpO2 <94%"
5,Infectious Diseases,Malaria,"Cyclical fever, chills, sweating, headache, vomiting, anemia",Artemether + Lumefantrine (Coartem) 20/120mg,2x/day,8:00 AM (Morning) & 9:00 PM (Night),3,"Avoid mosquito exposure, use nets and repellents; test before treatment"
6,Infectious Diseases,Dengue Fever,"High fever, severe headache, retro-orbital pain, rash, myalgia, thrombocytopenia",No antiviral; Paracetamol 500mg for fever,3–4x/day,"8:00 AM (Morning), 1:00 PM (Afternoon) & 9:00 PM (Night)",5–7,AVOID Aspirin/NSAIDs (bleeding risk); monitor platelets; IV fluids if needed
7,Infectious Diseases,Typhoid Fever,"Sustained fever, abdominal pain, rose spots, constipation/diarrhea, headache",Ceftriaxone 2g IV OR Azithromycin 1g oral,1x/day,8:00 AM (Morning),10–14,"Boil drinking water, hand hygiene; typhoid vaccine available"
8,Infectious Diseases,Cholera,"Profuse watery diarrhea ('rice water'), vomiting, rapid dehydration",ORS (Oral Rehydration Salts) + Doxycycline 300mg (single dose),Continuous ORS / Single dose antibiotic,Continuous (administered throughout the day),3–5,Strict water/food hygiene; IV fluids for severe cases; cholera vaccine
9,Infectious Diseases,Hepatitis B,"Jaundice, fatigue, abdominal pain, dark urine, nausea",Tenofovir 300mg OR Entecavir 0.5mg (chronic phase),1x/day,8:00 AM (Morning),Long-term / lifelong,Avoid alcohol; hepatitis B vaccine for contacts; monitor liver function
10,Infectious Diseases,Hepatitis C,"Fatigue, jaundice, right upper quadrant pain, dark urine",Sofosbuvir + Velpatasvir (Epclusa) 400/100mg,1x/day,8:00 AM (Morning),84 (12 weeks),Avoid alcohol; no vaccine available; screen close contacts
11,Infectious Diseases,HIV/AIDS,"Acute: flu-like illness; Chronic: weight loss, recurrent infections, night sweats",ART: Tenofovir + Emtricitabine + Efavirenz (TDF/FTC/EFV),1x/day,8:00 AM (Morning),Lifelong,"Condom use, no needle sharing, PrEP for prevention; regular CD4/viral load monitoring"
12,Infectious Diseases,Syphilis,"Primary: painless chancre; Secondary: rash, flu-like; Tertiary: organ damage",Benzathine Penicillin G 2.4 million units IM,Single dose (primary/secondary); 3 doses weekly (tertiary),8:00 AM (Morning) (one-time dose),1 / 21,Partner notification and treatment; avoid sexual contact until healed
13,Infectious Diseases,Gonorrhea,"Urethral/vaginal discharge, dysuria, pelvic pain; often asymptomatic in women",Ceftriaxone 500mg IM + Azithromycin 1g oral,Single dose,8:00 AM (Morning) (one-time dose),1,Treat partner simultaneously; screen for co-infections; avoid unprotected sex
14,Infectious Diseases,Chlamydia,"Often asymptomatic; dysuria, discharge, pelvic inflammatory disease",Azithromycin 1g OR Doxycycline 100mg,Single dose / 2x/day,8:00 AM (Morning) (one-time dose),1 / 7,Treat partner; abstain from sex for 7 days post-treatment
15,Infectious Diseases,Leprosy,"Hypopigmented skin patches, loss of sensation, peripheral nerve thickening",Dapsone 100mg + Rifampicin 600mg + Clofazimine 50mg (MDT),Daily (monthly supervised Rifampicin),"8:00 AM (Morning) (daily, supervised monthly)",180–365 (PB) / 730 (MB),Complete full MDT course; prevent disability; educate family; notify contacts
16,Infectious Diseases,Meningitis,"Sudden severe headache, stiff neck, photophobia, fever, petechial rash",Ceftriaxone 2g IV,2x/day,8:00 AM (Morning) & 9:00 PM (Night),10–14,Medical emergency; meningococcal vaccine; prophylaxis for close contacts (Rifampicin)
17,Infectious Diseases,Tetanus,"Muscle rigidity, trismus (lockjaw), spasms, autonomic dysfunction",Metronidazole 500mg + Tetanus Immunoglobulin (TIG) 3000–6000 IU,3x/day (Metro) / Single dose (TIG),"8:00 AM (Morning), 1:00 PM (Afternoon) & 9:00 PM (Night)",10–14,Wound debridement; ICU care often needed; tetanus vaccine (TT/Tdap) prevention
18,Infectious Diseases,Whooping Cough (Pertussis),"Paroxysmal cough with inspiratory 'whoop', post-tussive vomiting, cyanosis","Azithromycin 500mg (day 1), then 250mg",1x/day,8:00 AM (Morning),5,Isolate patient; DTaP/Tdap vaccination; prophylaxis for household contacts
19,Infectious Diseases,Ringworm,"Circular scaly itchy rash with clear center, hair loss (scalp)",Clotrimazole 1% cream OR Terbinafine 1% cream (topical),2x/day,8:00 AM (Morning) & 9:00 PM (Night),14–28,Keep area dry; avoid sharing personal items; wash clothing/bedding
20,Infectious Diseases,Candidiasis,"White patches (oral), vaginal itching/discharge, skin rash in folds",Fluconazole 150mg (systemic) OR Clotrimazole pessary (vaginal),Single dose / 1x/day,8:00 AM (Morning) (one-time dose),1 / 7,Keep skin dry; manage blood sugar in diabetics; probiotics may help
21,Cardiovascular Diseases,Hypertension,"Headache, dizziness, blurred vision, nosebleeds (often asymptomatic)",Amlodipine 5–10mg OR Enalapril 5–10mg,1x/day,8:00 AM (Morning),Long-term,"Low-sodium diet (<2g/day), exercise, reduce alcohol, monitor BP daily"
22,Cardiovascular Diseases,Coronary Artery Disease,"Chest pain/tightness, exertional dyspnea, palpitations, fatigue",Aspirin 75mg + Atorvastatin 40mg + Bisoprolol 5mg,1x/day each,8:00 AM (Morning),Long-term,"Smoking cessation, cardiac diet, regular exercise, stress management"
23,Cardiovascular Diseases,Heart Failure,"Dyspnea, orthopnea, bilateral leg edema, fatigue, reduced exercise tolerance",Furosemide 40mg + Enalapril 5mg + Carvedilol 3.125mg,1–2x/day,8:00 AM (Morning),Long-term,"Fluid restriction (<1.5L/day), daily weight monitoring, low-sodium diet"
24,Cardiovascular Diseases,Atrial Fibrillation,"Palpitations, irregular pulse, dyspnea, dizziness, fatigue",Bisoprolol 5mg + Rivaroxaban 20mg (anticoagulation),1x/day,8:00 AM (Morning),Long-term,Avoid caffeine/alcohol triggers; monitor INR if on Warfarin; fall precautions
25,Cardiovascular Diseases,Deep Vein Thrombosis,"Unilateral leg swelling, redness, warmth, calf pain",Rivaroxaban 15mg (initial) then 20mg,2x/day (first 3wks) then 1x/day,8:00 AM (Morning) & 9:00 PM (Night),21 days then 90+ days,"Leg elevation, compression stockings, early ambulation, hydration"
26,Cardiovascular Diseases,Pulmonary Embolism,"Sudden dyspnea, pleuritic chest pain, hemoptysis, tachycardia, hypoxia",Heparin IV (initial) then Rivaroxaban 15mg,Continuous IV / 2x/day oral,Continuous (administered throughout the day),3–6 months,Medical emergency; absolute rest initially; anticoagulation compliance critical
27,Cardiovascular Diseases,Hyperlipidemia,"Usually asymptomatic; may cause xanthelasma, corneal arcus",Atorvastatin 20–40mg OR Rosuvastatin 10–20mg,1x/day (evening),6:00 PM (Evening),Long-term,"Low-fat diet, regular exercise, avoid trans fats, monitor LFTs"
28,Cardiovascular Diseases,Angina,"Chest pressure/tightness on exertion, jaw/arm radiation, relieved by rest",GTN (Glyceryl Trinitrate) sublingual spray + Bisoprolol 5mg,PRN (GTN) / 1x/day (Bisoprolol),As needed (PRN) — typically Morning or Night when symptoms occur,PRN / Long-term,"Avoid triggers, carry GTN always, seek ER if pain >20 min (possible MI)"
29,Cardiovascular Diseases,Peripheral Artery Disease,"Claudication, leg pain at rest, non-healing ulcers, cold extremities",Aspirin 75mg + Clopidogrel 75mg + Atorvastatin 40mg,1x/day each,8:00 AM (Morning),Long-term,"Smoking cessation (critical), wound care, supervised walking program"
30,Cardiovascular Diseases,Myocardial Infarction (post-treatment),"Post-MI: fatigue, reduced exercise capacity (acute: crushing chest pain)",Aspirin 75mg + Atorvastatin 40mg + Bisoprolol 5mg + Ramipril 5mg,1x/day each,8:00 AM (Morning),Long-term / lifelong,"Cardiac rehab, smoking cessation, dietary changes, psychological support"
31,Respiratory Diseases,Asthma,"Wheeze, breathlessness, chest tightness, nocturnal cough",Salbutamol (SABA) inhaler 100mcg + Beclomethasone (ICS) 200mcg,PRN (rescue) / 2x/day (preventer),As needed (PRN) — typically Morning or Night when symptoms occur,PRN / Long-term,"Avoid triggers (dust, smoke, allergens); have rescue inhaler always; annual review"
32,Respiratory Diseases,COPD,"Progressive dyspnea, chronic productive cough, wheeze, reduced exercise tolerance",Tiotropium (LAMA) 18mcg inhaler + Salbutamol PRN,1x/day (Tio) + PRN,8:00 AM (Morning),Long-term,Smoking cessation (most important); pulmonary rehab; annual influenza vaccine
33,Respiratory Diseases,Allergic Rhinitis,"Sneezing, nasal congestion, watery rhinorrhea, itchy eyes/nose",Cetirizine 10mg + Fluticasone nasal spray 50mcg/spray,1x/day + 2 sprays/nostril 1x/day,8:00 AM (Morning),Seasonal or long-term,Avoid allergens; saline nasal irrigation; allergy testing may guide treatment
34,Respiratory Diseases,Sinusitis,"Facial pain/pressure, nasal congestion, purulent discharge, headache",Amoxicillin-Clavulanate 875mg (if bacterial) + Fluticasone spray,2x/day + 1x/day,8:00 AM (Morning) & 9:00 PM (Night),7–10 (antibiotic) / 21 (spray),"Steam inhalation, saline rinses, avoid cold air; most cases viral – no antibiotics"
35,Respiratory Diseases,Bronchitis,"Productive cough, low-grade fever, wheeze, chest discomfort",Usually supportive: Paracetamol 500mg + Salbutamol inhaler (if wheeze),3x/day + PRN,"8:00 AM (Morning), 1:00 PM (Afternoon) & 9:00 PM (Night)",7–10,"Hydration, humidifier, honey-lemon; antibiotics only if bacterial superinfection"
36,Respiratory Diseases,Pulmonary Hypertension,"Dyspnea on exertion, fatigue, syncope, right heart failure signs",Sildenafil 20mg OR Bosentan 125mg (specialist-initiated),3x/day / 2x/day,"8:00 AM (Morning), 1:00 PM (Afternoon) & 9:00 PM (Night)",Long-term,"Avoid high altitude, excessive exertion; O2 supplementation; specialist follow-up"
37,Respiratory Diseases,Cystic Fibrosis,"Chronic productive cough, recurrent lung infections, malabsorption, failure to thrive",Ivacaftor/Lumacaftor (Orkambi) + Dornase alfa (nebulized),2x/day + 1x/day,8:00 AM (Morning) & 9:00 PM (Night),Lifelong,"Chest physiotherapy, high-calorie diet, enzyme supplements, annual reviews"
38,Respiratory Diseases,Interstitial Lung Disease,"Progressive dyspnea, dry cough, bilateral crackles, finger clubbing",Pirfenidone 267mg (IPF) OR Nintedanib 150mg,3x/day / 2x/day,"8:00 AM (Morning), 1:00 PM (Afternoon) & 9:00 PM (Night)",Long-term,"Pulmonary rehab, O2 therapy, avoid lung toxins; lung transplant evaluation"
39,Respiratory Diseases,Sleep Apnea,"Loud snoring, witnessed apneas, daytime somnolence, morning headache",CPAP therapy (primary) + Weight loss; Modafinil 200mg (if residual sleepiness),Nightly CPAP + 1x/day (if Modafinil),9:00 PM (Night) (nightly),Long-term,"Weight reduction, positional therapy, avoid alcohol/sedatives before bed"
40,Respiratory Diseases,Tuberculous Pleurisy,"Fever, pleuritic chest pain, dyspnea, pleural effusion on imaging",Isoniazid + Rifampicin + Pyrazinamide + Ethambutol (same as TB),1x/day,8:00 AM (Morning),180 (6 months),Same as pulmonary TB; therapeutic thoracocentesis if large effusion; pyridoxine supplement
41,Endocrine & Metabolic Disorders,Type 1 Diabetes,"Polydipsia, polyuria, weight loss, fatigue, DKA in acute cases",Insulin (Basal: Glargine 10-30U) + (Bolus: Aspart/Lispro per meal),1x/day (basal) + 3x/day with meals,8:00 AM (Morning),Lifelong,"Carbohydrate counting, glucose monitoring, sick-day rules, hypoglycemia management kit"
42,Endocrine & Metabolic Disorders,Type 2 Diabetes,"Often asymptomatic early; polyuria, fatigue, blurred vision, recurrent infections",Metformin 500–1000mg + lifestyle modification,2x/day (with meals),8:00 AM (Morning) & 9:00 PM (Night),Long-term,"Low glycemic index diet, regular exercise, weight loss, monitor HbA1c every 3 months"
43,Endocrine & Metabolic Disorders,Hypothyroidism,"Fatigue, weight gain, cold intolerance, constipation, bradycardia, dry skin",Levothyroxine 50–100mcg,"1x/day (morning, fasting)","6:30 AM (Early Morning, fasting)",Lifelong,Take 30–60 min before breakfast; avoid calcium/iron supplements within 4 hours; monitor TSH
44,Endocrine & Metabolic Disorders,Hyperthyroidism,"Weight loss, palpitations, heat intolerance, tremor, exophthalmos (Graves')",Carbimazole 10–20mg OR Propylthiouracil 100mg,3x/day,"8:00 AM (Morning), 1:00 PM (Afternoon) & 9:00 PM (Night)",18–24 months,Avoid iodine-rich foods; monitor thyroid function; consider radioiodine/surgery for relapse
45,Endocrine & Metabolic Disorders,Cushing Syndrome,"Moon face, central obesity, purple striae, hypertension, hyperglycemia",Ketoconazole 200mg (medical management) or surgical if adenoma,2–3x/day,8:00 AM (Morning) & 9:00 PM (Night),As per specialist,Investigate cause (exogenous vs endogenous); taper exogenous steroids gradually
46,Endocrine & Metabolic Disorders,Addison Disease,"Fatigue, hyperpigmentation, hypotension, weight loss, salt craving",Hydrocortisone 20mg/day + Fludrocortisone 0.1mg,2–3x/day (Hydrocort) / 1x/day (Fludro),8:00 AM (Morning) & 9:00 PM (Night),Lifelong,Carry steroid emergency card; sick-day rules (double dose); medical alert bracelet
47,Endocrine & Metabolic Disorders,PCOS,"Irregular periods, hirsutism, acne, weight gain, infertility",Metformin 500mg + Combined OCP (for regulation) + Spironolactone (hirsutism),2x/day / 1x/day / 1x/day,8:00 AM (Morning) & 9:00 PM (Night),Long-term,"Weight loss (5–10% improves symptoms), low GI diet, regular exercise"
48,Endocrine & Metabolic Disorders,Osteoporosis,"Often asymptomatic; fragility fractures (wrist, hip, vertebra), back pain",Alendronate 70mg (weekly) + Calcium 1000mg + Vitamin D3 1000IU,Weekly / 1x/day / 1x/day,8:00 AM (Morning) (once weekly),Long-term,"Weight-bearing exercise, fall prevention, adequate protein intake, avoid smoking/alcohol"
49,Endocrine & Metabolic Disorders,Gout,"Sudden severe joint pain (often big toe), redness, swelling, warmth",Indomethacin 50mg (acute) OR Colchicine 0.5mg; Allopurinol 100–300mg (prevention),3x/day (acute) / 2–3x/day / 1x/day (prevention),"8:00 AM (Morning), 1:00 PM (Afternoon) & 9:00 PM (Night)",Acute: 5–7 / Prevention: Long-term,"Low-purine diet (avoid red meat, alcohol, seafood), adequate hydration (>2L/day)"
50,Endocrine & Metabolic Disorders,Obesity,"BMI >30, dyspnea on exertion, sleep apnea, joint pain, psychosocial impact",Orlistat 120mg (with meals) OR Semaglutide 0.5–2.4mg (weekly),3x/day (Orlistat) / Weekly injection,"8:00 AM (Morning), 1:00 PM (Afternoon) & 9:00 PM (Night)",Long-term,"Caloric deficit diet, regular exercise (150+ min/week), behavioral therapy, sleep hygiene"
51,Gastrointestinal Diseases,GERD,"Heartburn, regurgitation, belching, dysphagia, nocturnal cough, hoarseness",Omeprazole 20mg OR Pantoprazole 40mg,1x/day (30 min before breakfast),"7:00 AM (Morning, before breakfast)",4–8 weeks (then PRN),"Avoid lying down after meals, elevate bed head, avoid trigger foods (coffee, spicy, fatty)"
52,Gastrointestinal Diseases,Peptic Ulcer Disease,"Epigastric pain (hunger pain / night pain), bloating, nausea, hematemesis",Triple therapy: Omeprazole 20mg + Amoxicillin 1g + Clarithromycin 500mg,2x/day each (if H. pylori +ve),8:00 AM (Morning) & 9:00 PM (Night),14 (H. pylori) then PPI 4–8 wks,"Avoid NSAIDs, aspirin, alcohol, smoking; test and treat H. pylori"
53,Gastrointestinal Diseases,Gastritis,"Epigastric discomfort, nausea, bloating, loss of appetite",Pantoprazole 40mg + Antacid (Aluminium hydroxide + Mg hydroxide),1x/day + 3x/day (after meals & bedtime),8:00 AM (Morning),4–6 weeks,"Avoid NSAIDs, alcohol, spicy food, coffee; small frequent meals"
54,Gastrointestinal Diseases,IBS,"Abdominal pain, bloating, alternating diarrhea/constipation, mucus in stool",Mebeverine 135mg (antispasmodic) + Loperamide (IBS-D) OR Ispaghula (IBS-C),3x/day before meals,"8:00 AM (Morning), 1:00 PM (Afternoon) & 9:00 PM (Night)",Long-term (symptom-guided),"Low-FODMAP diet, stress management, regular mealtimes, probiotic trial"
55,Gastrointestinal Diseases,Crohn's Disease,"Abdominal cramping, chronic diarrhea (may be bloody), weight loss, perianal disease",Mesalazine 800mg (mild) OR Azathioprine 2mg/kg/day (moderate),3x/day / 1x/day,"8:00 AM (Morning), 1:00 PM (Afternoon) & 9:00 PM (Night)",Long-term,No smoking (worsens Crohn's); regular colonoscopy; nutrition support if malnourished
56,Gastrointestinal Diseases,Ulcerative Colitis,"Bloody diarrhea, tenesmus, urgency, cramping, fatigue, anemia",Mesalazine 1.2g + Prednisolone (flare) 40mg,3x/day + 1x/day (taper),"8:00 AM (Morning), 1:00 PM (Afternoon) & 9:00 PM (Night)",Maintenance long-term / Prednisolone 4–6 wks,Regular colonoscopy for cancer screening; stress management; avoid NSAIDs
57,Gastrointestinal Diseases,Constipation,"Infrequent stools (<3/week), straining, hard stools, incomplete evacuation",Lactulose 15ml OR Bisacodyl 5mg (short-term) OR Ispaghula husk,2x/day / 1x/day (bedtime),8:00 AM (Morning) & 9:00 PM (Night),Short-term (then dietary adjustment),"High-fiber diet, 2L water daily, regular exercise, respond to urge promptly"
58,Gastrointestinal Diseases,Diarrhea,"Loose watery stools, abdominal cramps, nausea, risk of dehydration",ORS continuously + Loperamide 2mg (non-bloody) + Zinc 20mg (children),PRN ORS / after each loose stool,As needed (PRN) — typically Morning or Night when symptoms occur,3–5 (or until resolved),AVOID Loperamide in bloody/febrile diarrhea; food hygiene; hand washing
59,Gastrointestinal Diseases,Hemorrhoids,"Rectal bleeding (bright red), perianal itching, prolapse, anal discomfort",Hydrocortisone cream 1% (external) + Lignocaine gel (analgesia),2–3x/day,8:00 AM (Morning) & 9:00 PM (Night),7–14,"High-fiber diet, adequate fluids, avoid straining, sitz baths, weight management"
60,Gastrointestinal Diseases,Pancreatitis,"Severe epigastric pain radiating to back, nausea, vomiting, elevated amylase/lipase",IV fluids + Tramadol 50–100mg (analgesia) + NPO initially then gradual feeding,6-hourly (pain) / Continuous IV fluids,Continuous (administered throughout the day),Acute: 5–10 (hospital-based),Avoid alcohol absolutely; low-fat diet; treat gallstones; monitor blood glucose
61,Neurological Disorders,Epilepsy,"Seizures (tonic-clonic, absence, focal), post-ictal confusion, tongue biting",Sodium Valproate 200–500mg OR Lamotrigine 25–100mg,2x/day,8:00 AM (Morning) & 9:00 PM (Night),Lifelong,"Never stop medication abruptly; avoid triggers (alcohol, sleep deprivation); driving restrictions"
62,Neurological Disorders,Migraine,"Unilateral throbbing headache, nausea, photophobia, phonophobia, aura",Sumatriptan 50mg (acute) + Propranolol 40mg (prophylaxis),PRN (max 2 doses/24hr) / 2x/day,As needed (PRN) — typically Morning or Night when symptoms occur,PRN / Long-term,"Identify and avoid triggers (hormones, stress, foods); headache diary; dark quiet room during attack"
63,Neurological Disorders,Parkinson's Disease,"Resting tremor, rigidity, bradykinesia, postural instability, micrographia",Levodopa/Carbidopa 100/25mg + Ropinirole 0.25mg (early),3x/day / 3x/day,"8:00 AM (Morning), 1:00 PM (Afternoon) & 9:00 PM (Night)",Lifelong,"Physiotherapy, occupational therapy, fall prevention, speech therapy; DBS if advanced"
64,Neurological Disorders,Alzheimer's Disease,"Progressive memory loss, language problems, disorientation, behavioral changes",Donepezil 5–10mg OR Memantine 10mg (moderate-severe),1x/day (evening),6:00 PM (Evening),Lifelong (disease-modifying not yet available),"Cognitive stimulation, safe environment, carer support, advance care planning"
65,Neurological Disorders,Multiple Sclerosis,"Optic neuritis, diplopia, weakness, sensory changes, ataxia, fatigue",Interferon beta-1a 30mcg IM (relapsing) OR Ocrelizumab 600mg IV (PPMS),Weekly injection / Every 6 months IV,8:00 AM (Morning) (once weekly),Lifelong,"Physiotherapy, fatigue management, temperature awareness, psychological support"
66,Neurological Disorders,Neuropathic Pain,"Burning, shooting, electric shock-like pain; allodynia, hyperalgesia",Pregabalin 75mg OR Duloxetine 30mg + Amitriptyline 10mg (adjunct),2x/day / 1x/day / 1x/day (at night),8:00 AM (Morning) & 9:00 PM (Night),Long-term,Pain diary; TENS therapy; address underlying cause; sleep hygiene; psychological support
67,Neurological Disorders,Trigeminal Neuralgia,"Sudden, severe electric shock-like facial pain triggered by chewing/talking/touch",Carbamazepine 100–200mg,3x/day (titrate up slowly),"8:00 AM (Morning), 1:00 PM (Afternoon) & 9:00 PM (Night)",Long-term,"Avoid triggers (cold wind, chewing hard foods); surgical MVD if medication fails"
68,Neurological Disorders,Restless Legs Syndrome,"Irresistible urge to move legs, worse at rest/evening, creeping/crawling sensations",Pramipexole 0.125mg OR Ropinirole 0.25mg (at night),1x/day (2–3 hrs before sleep),"10:00 PM (Night, before bed)",Long-term,Iron supplementation if ferritin <75; avoid caffeine/alcohol; regular exercise; leg stretches
69,Neurological Disorders,Essential Tremor,"Action tremor (hands), head nodding, voice tremor; worse with voluntary movement",Propranolol 40mg OR Primidone 50mg,2x/day / 1–2x/day,8:00 AM (Morning) & 9:00 PM (Night),Long-term,Avoid caffeine; weighted utensils; avoid stress; alcohol transiently helps but avoid dependency
70,Neurological Disorders,Myasthenia Gravis,"Ptosis, diplopia, dysarthria, dysphagia, proximal limb weakness, fatigable muscle weakness",Pyridostigmine 60mg + Prednisolone 20–60mg (immunosuppression),4–6x/day / 1x/day,"8:00 AM (Morning), 1:00 PM (Afternoon), 6:00 PM (Evening) & 10:00 PM (Night, before bed)",Lifelong,"Avoid aminoglycosides, beta-blockers, fluoroquinolones (worsen MG); myasthenic crisis management"
71,Mental Health Disorders,Depression,"Persistent low mood, anhedonia, fatigue, sleep disturbance, hopelessness, suicidal ideation",Sertraline 50mg OR Fluoxetine 20mg,1x/day (morning),8:00 AM (Morning),Minimum 6 months (first episode),"Psychotherapy (CBT), regular exercise, social support, safety plan if SI; adequate sleep"
72,Mental Health Disorders,Generalized Anxiety Disorder,"Excessive worry, tension, restlessness, fatigue, sleep disturbance, irritability",Sertraline 50mg OR Escitalopram 10mg + Buspirone 5mg,1x/day + 3x/day,8:00 AM (Morning),6–12 months,"CBT (gold standard), mindfulness, regular exercise, limit caffeine; relaxation techniques"
73,Mental Health Disorders,Bipolar Disorder,"Mania: elevated mood, decreased need for sleep; Depression: low mood, hopelessness; psychosis",Lithium 400mg OR Valproate 500mg (mood stabilizer),2–3x/day,8:00 AM (Morning) & 9:00 PM (Night),Lifelong,Monitor lithium levels; avoid alcohol; regular sleep schedule; early warning sign recognition
74,Mental Health Disorders,Schizophrenia,"Hallucinations, delusions, disorganized thinking, negative symptoms (alogia, avolition)",Risperidone 2–6mg OR Olanzapine 10mg,1–2x/day,8:00 AM (Morning),Lifelong,Medication adherence is critical; psychoeducation; community mental health support; occupational therapy
75,Mental Health Disorders,OCD,Intrusive unwanted thoughts (obsessions) + repetitive behaviors (compulsions) to reduce anxiety,Sertraline 100–200mg OR Fluvoxamine 100–300mg,1–2x/day,8:00 AM (Morning),12+ months,ERP (Exposure and Response Prevention) therapy is most effective; avoid OCD-accommodating behaviors
76,Mental Health Disorders,Panic Disorder,"Recurrent unexpected panic attacks: palpitations, sweating, trembling, derealization, fear of dying","Sertraline 50mg (maintenance) + Clonazepam 0.25mg (acute, short-term)",1x/day / PRN,8:00 AM (Morning),6–12 months / Short-term only,"CBT (panic-focused), breathing exercises, avoid caffeine; benzodiazepine dependence risk"
77,Mental Health Disorders,PTSD,"Flashbacks, nightmares, hypervigilance, avoidance, emotional numbing, sleep disturbance",Sertraline 50–200mg OR Paroxetine 20–60mg,1x/day,8:00 AM (Morning),12+ months,"Trauma-focused CBT, EMDR therapy; avoid substance use; safety and stability first"
78,Mental Health Disorders,ADHD,"Inattention, hyperactivity, impulsivity, poor organization, forgetfulness, low frustration tolerance",Methylphenidate 5–10mg OR Atomoxetine 40–80mg,2–3x/day (Methyl) / 1x/day (Atomoxetine),8:00 AM (Morning) & 9:00 PM (Night),Long-term (reassess annually),"Behavioral therapy, structured routines, classroom/work accommodations; monitor growth in children"
79,Mental Health Disorders,Insomnia,"Difficulty falling/staying asleep, early awakening, daytime fatigue, impaired functioning","Melatonin 2–5mg (short-term) OR Zolpidem 5mg (short-term only, max 2 weeks)",1x/day (30 min before bed),"10:00 PM (Night, before bed)",Short-term (2–4 weeks),"CBT-I (gold standard); sleep hygiene (no screens, regular schedule); avoid caffeine after 2pm"
80,Mental Health Disorders,Social Anxiety Disorder,"Fear of social situations, blushing, trembling, sweating, avoidance, anticipatory anxiety",Sertraline 50mg OR Escitalopram 10mg + Propranolol 10–20mg (situational),1x/day / PRN before social events,8:00 AM (Morning),6–12+ months,CBT with exposure therapy; graduated exposure hierarchy; social skills training
81,Autoimmune & Rheumatologic Diseases,Rheumatoid Arthritis,"Symmetric joint swelling/pain/morning stiffness (>1hr), fatigue, nodules",Methotrexate 7.5–25mg (weekly) + Folic acid 5mg + NSAIDs (flare),Weekly / 1x/week (separate day) / PRN,8:00 AM (Morning) (once weekly),Long-term,Monitor CBC/LFTs monthly; avoid live vaccines; folic acid reduces MTX side effects
82,Autoimmune & Rheumatologic Diseases,SLE,"Butterfly rash, photosensitivity, arthralgia, renal disease, serositis, hair loss",Hydroxychloroquine 200–400mg + Prednisolone 5–30mg (active disease),1x/day / 1x/day,8:00 AM (Morning),Lifelong / Taper as possible,Strict sun protection (SPF50+); monitor organ involvement; avoid estrogen OCP in active disease
83,Autoimmune & Rheumatologic Diseases,Psoriasis,"Well-demarcated silvery scaly plaques, scalp/elbow/knee involvement, nail pitting",Betamethasone valerate 0.1% cream (mild) OR Methotrexate (moderate-severe),2x/day (topical) / Weekly (systemic),8:00 AM (Morning) & 9:00 PM (Night),Long-term,"Emollient use, avoid trauma (Koebner phenomenon), phototherapy, stress reduction"
84,Autoimmune & Rheumatologic Diseases,Psoriatic Arthritis,"Arthritis (DIP joints), dactylitis, enthesitis, nail changes, psoriatic skin lesions","Methotrexate 15–25mg (weekly) OR Adalimumab 40mg (biologic, fortnightly)",Weekly MTX / Biweekly Adalimumab,8:00 AM (Morning) (once weekly),Long-term,Monitor joint damage with X-ray; physiotherapy; smoking cessation; weight management
85,Autoimmune & Rheumatologic Diseases,Ankylosing Spondylitis,"Inflammatory back pain (worse with rest, better with exercise), sacroiliac joint pain, stiffness",Naproxen 500mg OR Etoricoxib 90mg (NSAIDs first-line) + physiotherapy,2x/day / 1x/day,8:00 AM (Morning) & 9:00 PM (Night),Long-term,Daily spinal exercise/physiotherapy critical; sleep prone; posture awareness; avoid smoking
86,Autoimmune & Rheumatologic Diseases,Sjögren Syndrome,"Dry eyes, dry mouth, fatigue, parotid swelling, arthralgia",Hydroxychloroquine 200mg + Artificial tears + Pilocarpine 5mg (secretagogue),1x/day / 4–6x/day / 3x/day,8:00 AM (Morning),Long-term,Regular dental care (caries risk); sip water frequently; avoid antihistamines/diuretics
87,Autoimmune & Rheumatologic Diseases,Vasculitis,"Fever, weight loss, organ-specific features (rash, hematuria, sinusitis, mononeuritis multiplex)","Prednisolone 1mg/kg/day + Cyclophosphamide (severe, induction)",1x/day / Pulsed IV monthly,8:00 AM (Morning),Induction: 3–6 months then maintenance,Monitor ANCA; renal function; infection screening before immunosuppression; BP control
88,Autoimmune & Rheumatologic Diseases,Dermatomyositis,"Proximal muscle weakness, heliotrope rash, Gottron's papules, dysphagia",Prednisolone 1mg/kg/day + Methotrexate 10–20mg (steroid-sparing),1x/day / Weekly,8:00 AM (Morning),Long-term (taper slowly),"Malignancy screening; physiotherapy; sun protection; monitor muscle enzymes (CK, LDH)"
89,Autoimmune & Rheumatologic Diseases,Scleroderma,"Raynaud's, skin thickening, dysphagia, ILD, pulmonary hypertension, renal crisis",Nifedipine 10–30mg (Raynaud's) + Methotrexate (skin) + Omeprazole (GERD),3x/day / Weekly / 1x/day,"8:00 AM (Morning), 1:00 PM (Afternoon) & 9:00 PM (Night)",Long-term,Hand warmers for Raynaud's; monitor BP (renal crisis); physiotherapy; esophageal dilation
90,Autoimmune & Rheumatologic Diseases,Polymyalgia Rheumatica,"Bilateral shoulder/hip girdle pain and stiffness (>45 min morning stiffness), elderly patients",Prednisolone 15mg (initial) – slow taper,1x/day,8:00 AM (Morning),12–24 months (slow taper),Calcium + Vitamin D supplementation; bone protection; monitor ESR/CRP; screen for GCA
91,Other Common Conditions,Acne Vulgaris,"Comedones (blackheads/whiteheads), papules, pustules, nodules, scarring",Benzoyl peroxide 5% gel (mild) OR Adapalene 0.1% (retinoid) + Clindamycin 1% gel,1–2x/day (topical),8:00 AM (Morning),8–12 weeks (then maintenance),Avoid picking/squeezing; gentle non-comedogenic skincare; sunscreen with topical retinoids
92,Other Common Conditions,Eczema (Atopic Dermatitis),"Intensely itchy, dry, inflamed skin; eczematous patches; worse with triggers",Emollient (multiple daily) + Hydrocortisone 1% (flare) OR Tacrolimus 0.1% (sensitive areas),At least 2–3x/day (emollient) / 1–2x/day (steroid during flare),"8:00 AM (Morning), 1:00 PM (Afternoon) & 9:00 PM (Night) (primary medicine); see notes for others",Long-term (emollient) / Short-term (steroid),"Avoid triggers (soaps, dust mites, stress); wet wrap therapy; antihistamine for itch at night"
93,Other Common Conditions,Glaucoma,"Often asymptomatic (open angle); acute angle closure: severe eye pain, headache, halos, nausea",Timolol 0.5% eye drops + Latanoprost 0.005% eye drops,2x/day (Timolol) + 1x/day at night (Latanoprost),8:00 AM (Morning) & 9:00 PM (Night),Lifelong,Regular eye pressure monitoring; compliance critical (no symptoms = still taking drops); driving check
94,Other Common Conditions,BPH,"Weak urinary stream, hesitancy, frequency, nocturia, incomplete bladder emptying",Tamsulosin 0.4mg (alpha-blocker) OR Finasteride 5mg (5-ARI for large gland),1x/day (30 min after same meal),"8:30 AM (Morning, after breakfast)",Long-term,Limit fluids before bedtime; avoid antihistamines/decongestants; bladder training exercises
95,Other Common Conditions,Overactive Bladder,"Urgency, urge urinary incontinence, frequency >8x/day, nocturia",Solifenacin 5mg OR Tolterodine 4mg (extended release),1x/day,8:00 AM (Morning),8–12 weeks then review,"Bladder training, pelvic floor exercises, fluid management (not restriction), reduce caffeine"
96,Other Common Conditions,Erectile Dysfunction,Inability to achieve/maintain erection sufficient for sexual intercourse,Sildenafil 50mg OR Tadalafil 10mg (or 5mg daily),PRN (1–4 hrs before) / Daily (Tadalafil 5mg),As needed (PRN) — typically Morning or Night when symptoms occur,PRN / Long-term,Treat cardiovascular risk factors; psychosexual therapy; avoid with nitrates (hypotension risk)
97,Other Common Conditions,Iron Deficiency Anemia,"Fatigue, pallor, exertional dyspnea, koilonychia (spoon nails), pica",Ferrous sulfate 200mg (65mg elemental iron),2–3x/day (with Vitamin C),8:00 AM (Morning) & 9:00 PM (Night),3–6 months (until stores replenished),Take on empty stomach or with Vitamin C for better absorption; avoid tea/coffee within 1hr; treat cause
98,Other Common Conditions,Vitamin D Deficiency,"Bone pain, muscle weakness, fatigue, depression, recurrent infections",Cholecalciferol (Vitamin D3) 1000–4000 IU/day OR weekly high-dose,1x/day (daily) OR 1x/week (high dose),8:00 AM (Morning),8–12 weeks loading then maintenance,"Sun exposure 15–30 min daily; dietary sources (oily fish, eggs); adequate calcium co-supplementation"
99,Other Common Conditions,Seasonal Allergies,"Sneezing, runny/itchy nose, watery/red eyes, congestion, post-nasal drip (seasonal pattern)",Cetirizine 10mg OR Fexofenadine 120mg + Fluticasone nasal spray 50mcg,1x/day + 2 sprays/nostril 1x/day,8:00 AM (Morning),During allergy season (4–8 weeks),"Monitor pollen count, keep windows closed during high pollen; shower after outdoor activities; sunglasses"
100,Other Common Conditions,Motion Sickness,"Nausea, vomiting, dizziness, pallor, cold sweats triggered by motion/travel",Hyoscine (Scopolamine) 0.3mg OR Promethazine 25mg OR Cinnarizine 25mg,1x/day (Hyoscine 30–60 min before travel),8:00 AM (Morning),PRN during travel,Sit in front seat/boat center; focus on horizon; avoid reading; fresh air; ginger (natural option)
101,Blood & Hematological Disorders,Sickle Cell Disease,"Vaso-occlusive pain crises, hemolytic anemia, dactylitis, acute chest syndrome, stroke risk, splenomegaly",Hydroxyurea 15–35mg/kg/day + Folic acid 5mg,1x/day each,8:00 AM (Morning),Lifelong,"Hydration (3L/day), avoid cold/hypoxia, annual transcranial Doppler, penicillin prophylaxis in children"
102,Blood & Hematological Disorders,Thalassemia,"Severe anemia (major), pallor, splenomegaly, skeletal deformities, growth retardation, jaundice",Deferoxamine (iron chelation) 20–40mg/kg SC OR Deferasirox 20mg/kg oral + Folic acid,8–10 hrs infusion nightly / 1x/day (Deferasirox),9:00 PM (Night) (nightly),Lifelong,Regular blood transfusions (major); monitor ferritin/iron; genetic counseling for family
103,Blood & Hematological Disorders,Aplastic Anemia,"Fatigue, pallor, petechiae, easy bruising, recurrent infections, bleeding gums",Cyclosporine 5mg/kg/day + Anti-thymocyte globulin (ATG) IV (hospital) + Eltrombopag 150mg,2x/day (Cyclosporine) / 1x/day (Eltrombopag),8:00 AM (Morning) & 9:00 PM (Night),6+ months,Avoid NSAIDs/aspirin; infection prevention; BMT if severe & young; growth factor support
104,Blood & Hematological Disorders,Hemophilia A,"Prolonged bleeding after injury, spontaneous hemarthroses, deep muscle hematomas, intracranial bleed risk",Factor VIII concentrate (recombinant) 20–50 IU/kg,On demand (bleeding) OR 3x/week (prophylaxis),As needed (PRN) — typically Morning or Night when symptoms occur,Lifelong,AVOID aspirin/NSAIDs; wear medical alert bracelet; physiotherapy for joint disease; inhibitor screening
105,Blood & Hematological Disorders,Hemophilia B,"Similar to Hemophilia A: prolonged bleeding, hemarthroses, muscle hematomas",Factor IX concentrate 25–50 IU/kg (on demand) OR Emicizumab SC (if inhibitors),2–3x/week prophylaxis,"8:00 AM (Morning) (on prophylaxis days, 2–3x weekly)",Lifelong,Same precautions as Hemophilia A; emicizumab is SC once weekly/fortnightly alternative
106,Blood & Hematological Disorders,Polycythemia Vera,"Plethoric facies, pruritus after bathing, headache, dizziness, thrombosis risk, splenomegaly",Hydroxyurea 500–1000mg + Aspirin 75mg + Phlebotomy (target Hct <45%),1–2x/day (Hydroxyurea) / 1x/day (Aspirin),8:00 AM (Morning),Lifelong,Monitor CBC regularly; adequate hydration; avoid iron supplements; JAK inhibitor (Ruxolitinib) if refractory
107,Blood & Hematological Disorders,Essential Thrombocythemia,"Headache, visual changes, tingling, thrombosis (arterial/venous), bleeding, splenomegaly",Hydroxyurea 500mg + Aspirin 75mg (low-risk may need only aspirin),2x/day (Hydroxyurea) / 1x/day (Aspirin),8:00 AM (Morning) & 9:00 PM (Night),Lifelong,Monitor platelet count; cardiovascular risk factor control; avoid pregnancy on Hydroxyurea
108,Blood & Hematological Disorders,ITP,"Petechiae, easy bruising, mucosal bleeding, menorrhagia; thrombocytopenia on CBC",Prednisolone 1mg/kg/day (first-line) OR IVIG 1g/kg (acute/severe),1x/day (Prednisolone) / Single course IV (IVIG),8:00 AM (Morning),4–6 weeks (then taper) / 2 days,Avoid NSAIDs; fall/trauma precautions; monitor platelet count; rituximab/splenectomy if chronic refractory
109,Blood & Hematological Disorders,Pernicious Anemia,"Megaloblastic anemia, glossitis, subacute combined degeneration of cord, fatigue, paresthesia",Hydroxocobalamin 1mg IM (loading) then maintenance + Folic acid 5mg,Loading: alternate days x6 / Maintenance: every 3 months (IM),8:00 AM (Morning) (on scheduled dosing day),Lifelong,Vegan diet supplementation; monitor neurological status; gastric cancer risk – endoscopy screening
110,Blood & Hematological Disorders,Hemolytic Anemia,"Jaundice, pallor, dark urine (hemoglobinuria), splenomegaly, fatigue, gallstones",Prednisolone 1–2mg/kg/day (autoimmune) + Folic acid 5mg,1x/day each,8:00 AM (Morning),"Varies (4–6 weeks prednisolone, lifelong folate)",Identify and treat underlying cause; avoid triggers (G6PD: oxidant drugs); Rituximab if refractory
111,Kidney & Urinary Disorders,Chronic Kidney Disease,"Fatigue, edema, hypertension, nausea, pallor, oliguria, pruritus in advanced stages",Ramipril 5–10mg + Furosemide 40mg + Sevelamer 800mg (phosphate binder) + Erythropoietin (if anemic),1x/day / 1–2x/day / 3x/day with meals,8:00 AM (Morning),Lifelong,"Protein restriction (0.8g/kg/day), low potassium/phosphate diet, fluid restriction, BP <130/80, smoking cessation"
112,Kidney & Urinary Disorders,Acute Kidney Injury,"Oliguria/anuria, fluid retention, elevated creatinine/BUN, electrolyte disturbances, encephalopathy",IV Fluids (crystalloid) + Furosemide 40–80mg IV (if fluid overload) + treat underlying cause,Continuous IV / As needed,As needed (PRN) — typically Morning or Night when symptoms occur,Hospital-based (days to weeks),"Monitor urine output hourly; strict I/O chart; avoid nephrotoxins (NSAIDs, contrast, aminoglycosides)"
113,Kidney & Urinary Disorders,Nephrotic Syndrome,"Severe proteinuria, pitting edema, hypoalbuminemia, hyperlipidemia, frothy urine",Prednisolone 60mg/m² (or 1mg/kg) + Furosemide 40mg + Atorvastatin 20mg,1x/day / 1–2x/day / 1x/day,8:00 AM (Morning),8–16 weeks (Prednisolone taper) / Long-term others,Low-salt low-fat diet; albumin IV if severe; anticoagulation if albumin <20g/L; infection vigilance
114,Kidney & Urinary Disorders,Nephritic Syndrome,"Hematuria (cola-colored urine), hypertension, oliguria, proteinuria, edema",Furosemide 40mg + Prednisolone (if immune-mediated) + Amlodipine 5mg (BP control),1–2x/day / 1x/day,8:00 AM (Morning),Short-term (diuretic) / 4–8 weeks (steroid),"Identify cause (post-streptococcal, IgA, ANCA); renal biopsy may be needed; restrict salt/fluid"
115,Kidney & Urinary Disorders,Kidney Stones,"Severe colicky flank/groin pain (loin to groin), hematuria, nausea, vomiting, dysuria",Diclofenac 75mg OR Ketorolac 30mg (analgesia) + Tamsulosin 0.4mg (alpha-blocker for passage),2x/day (Diclofenac) / 1x/day (Tamsulosin),8:00 AM (Morning) & 9:00 PM (Night),3–7 (analgesic) / 4 weeks (Tamsulosin),High fluid intake (>2.5L/day); dietary oxalate restriction (calcium oxalate stones); citrate supplements
116,Kidney & Urinary Disorders,Urinary Tract Infection,"Dysuria, frequency, urgency, suprapubic pain, cloudy/foul-smelling urine; no fever (uncomplicated)",Nitrofurantoin 100mg (modified release) OR Trimethoprim 200mg,2x/day / 2x/day,8:00 AM (Morning) & 9:00 PM (Night),3–5 (women) / 7 (men),Increase fluid intake; post-coital voiding; wipe front to back; avoid spermicides; cranberry as adjunct
117,Kidney & Urinary Disorders,Pyelonephritis,"Fever, rigors, flank pain, costovertebral angle tenderness, dysuria, nausea/vomiting","Ciprofloxacin 500mg OR Co-amoxiclav 625mg (oral, outpatient) / Ceftriaxone 1g IV (inpatient)",2x/day (Cipro) / 3x/day (Co-amox),8:00 AM (Morning) & 9:00 PM (Night),10–14,High fluid intake; urine culture-guided therapy; imaging if no improvement in 48–72 hrs
118,Kidney & Urinary Disorders,Interstitial Cystitis,"Chronic pelvic pain, urinary urgency/frequency, dyspareunia, no proven infection",Amitriptyline 25–75mg (at night) + Pentosan polysulfate 100mg,1x/day (night) / 3x/day,8:00 AM (Morning),3–6 months,"Bladder training; avoid trigger foods (caffeine, acidic foods, alcohol); stress management; pelvic floor physio"
119,Kidney & Urinary Disorders,Stress Urinary Incontinence,"Urine leakage with coughing, sneezing, laughing, exercise; no urgency",Duloxetine 40mg (pharmacological) — first-line is pelvic floor exercises,2x/day (if medication used),8:00 AM (Morning) & 9:00 PM (Night),3 months (then reassess),Pelvic floor (Kegel) exercises (gold standard – 3 sets x 10 daily); weight loss; caffeine reduction; bladder diary
120,Kidney & Urinary Disorders,Hyperkalemia,"Muscle weakness, palpitations, peaked T-waves on ECG, nausea; cardiac arrest if severe",Calcium gluconate 10% IV (cardiac protection) + Insulin + Dextrose (shift K⁺) + Sodium zirconium cyclosilicate 10g,Stat IV / Stat IV / 3x/day (oral binder),"8:00 AM (Morning), 1:00 PM (Afternoon) & 9:00 PM (Night) (primary medicine); see notes for others",Acute: hospital hours / Maintenance: varies,STOP ACE inhibitors/ARBs/potassium-sparing diuretics; low-potassium diet; avoid NSAIDs; dialysis if severe
121,Liver & Gallbladder Diseases,Fatty Liver Disease,"Often asymptomatic; RUQ discomfort, fatigue, hepatomegaly; elevated ALT/AST",No specific drug approved — Vitamin E 800IU (non-diabetic NASH) + Lifestyle modification,1x/day,8:00 AM (Morning),Long-term,"Weight loss (>5–10%), exercise 150 min/week, avoid alcohol, control diabetes/lipids"
122,Liver & Gallbladder Diseases,NASH,"Fatigue, RUQ pain, hepatomegaly; elevated LFTs; can progress to cirrhosis","Vitamin E 800IU + Pioglitazone 30mg (if T2DM) + Semaglutide (off-label, emerging)",1x/day each,8:00 AM (Morning),Long-term,Same as fatty liver; biopsy-confirmed staging guides therapy; statin safe for lipids
123,Liver & Gallbladder Diseases,Cirrhosis,"Jaundice, ascites, spider nevi, palmar erythema, caput medusae, hepatic encephalopathy, variceal bleeding",Spironolactone 100mg + Furosemide 40mg (ascites) + Propranolol 40mg (varices prophylaxis) + Lactulose 15ml (encephalopathy),1x/day / 1x/day / 2x/day / 2–3x/day,8:00 AM (Morning),Lifelong,Absolute alcohol abstinence; low-sodium diet (<2g/day); monitor for HCC (US every 6 months); vaccination (Hep A/B)
124,Liver & Gallbladder Diseases,Autoimmune Hepatitis,"Fatigue, jaundice, arthralgia, elevated transaminases, elevated IgG, positive ANA/ASMA",Prednisolone 40mg (induction) + Azathioprine 50mg (maintenance/steroid-sparing),1x/day each,8:00 AM (Morning),Lifelong (most cases),Monitor LFTs and CBC; avoid alcohol; screen for osteoporosis (long-term steroid); check TPMT before Azathioprine
125,Liver & Gallbladder Diseases,Primary Biliary Cholangitis,"Pruritus, fatigue, jaundice (late), xanthelasma, osteoporosis; positive AMA",Ursodeoxycholic acid (UDCA) 13–15mg/kg/day + Obeticholic acid 5mg (if inadequate UDCA response),1–2x/day (UDCA) / 1x/day (OCA),8:00 AM (Morning),Lifelong,"Fat-soluble vitamin supplementation (A,D,E,K); cholestyramine for pruritus; bone density monitoring"
126,Liver & Gallbladder Diseases,Primary Sclerosing Cholangitis,"Fatigue, pruritus, jaundice, RUQ pain, recurrent cholangitis, associated IBD",No proven disease-modifying drug; UDCA 15–20mg/kg (controversial) + Ciprofloxacin (cholangitis episodes),1–2x/day (UDCA) / 2x/day (Cipro during episodes),8:00 AM (Morning),Lifelong / 7–10 (Cipro),Annual colonoscopy (IBD/CRC risk); MRCP surveillance; liver transplant evaluation; cholangiocarcinoma screening
127,Liver & Gallbladder Diseases,Gallstones,"Often asymptomatic; biliary colic (RUQ pain after fatty meals), nausea, vomiting",Ursodeoxycholic acid 8–10mg/kg (for small cholesterol stones – dissolution) + Diclofenac 75mg (analgesia for colic),2x/day (UDCA) / 2x/day (PRN pain),8:00 AM (Morning) & 9:00 PM (Night),6–24 months (dissolution) / PRN,Low-fat diet; surgical cholecystectomy preferred for symptomatic stones; avoid rapid weight loss
128,Liver & Gallbladder Diseases,Cholecystitis,"Severe RUQ pain, fever, positive Murphy's sign, nausea, jaundice if obstructed",Co-amoxiclav 625mg OR Ciprofloxacin 500mg + Metronidazole 500mg (antibiotics),3x/day / 2x/day + 3x/day,"8:00 AM (Morning), 1:00 PM (Afternoon) & 9:00 PM (Night)",7–10 (antibiotics pre-op),NPO initially; IV fluids; cholecystectomy (definitive); avoid fatty foods; analgesia with diclofenac
129,Liver & Gallbladder Diseases,Hepatic Encephalopathy,"Confusion, asterixis (flapping tremor), altered consciousness, fetor hepaticus, hyperammonemia",Lactulose 30–60ml (titrate to 2–3 soft stools/day) + Rifaximin 550mg,2–4x/day (Lactulose) / 2x/day (Rifaximin),8:00 AM (Morning) & 9:00 PM (Night),Acute: days / Rifaximin: Long-term,"Identify precipitants (infection, GI bleed, constipation, diuretics); protein-adequate diet; monitor ammonia"
130,Liver & Gallbladder Diseases,Wilson Disease,"Liver disease (hepatitis/cirrhosis), Kayser-Fleischer rings, neuropsychiatric symptoms, hemolytic anemia",D-Penicillamine 250–500mg (initial chelation) OR Trientine 300–400mg (if intolerant) + Zinc acetate 50mg (maintenance),4x/day (D-Penicillamine) / 2–3x/day (Trientine) / 3x/day (Zinc),"8:00 AM (Morning), 1:00 PM (Afternoon), 6:00 PM (Evening) & 10:00 PM (Night, before bed)",Lifelong,"Low copper diet (avoid shellfish, liver, chocolate, nuts); monitor 24hr urine copper; eye exams; pyridoxine with D-Penicillamine"
131,Eye Disorders,Cataract (pre-surgical),"Blurred/cloudy vision, glare/halos around lights, faded colors, frequent prescription changes",Artificial tears (lubricant drops) — no medication reverses cataracts; surgical extraction is definitive,4–6x/day (lubricants PRN),"8:00 AM (Morning), 1:00 PM (Afternoon), 6:00 PM (Evening) & 10:00 PM (Night, before bed)",Until surgery,"Strong reading glasses, anti-glare lenses, adequate lighting; avoid driving at night; plan surgical referral"
132,Eye Disorders,Conjunctivitis,"Red eye, discharge (watery-viral / purulent-bacterial), itching, foreign body sensation, crusting",Chloramphenicol 0.5% drops (bacterial) OR Olopatadine 0.1% (allergic) / Viral: supportive only,4x/day (bacterial) / 2x/day (allergic),"8:00 AM (Morning), 1:00 PM (Afternoon), 6:00 PM (Evening) & 10:00 PM (Night, before bed)",7 (bacterial) / 2 weeks (allergic),Hand hygiene (highly contagious); avoid contact lenses; do not share towels/pillowcases
133,Eye Disorders,Dry Eye Syndrome,"Gritty/burning sensation, intermittent blurry vision, light sensitivity, excessive tearing (reflex)","Carboxymethylcellulose 0.5% drops (artificial tears) + Cyclosporine 0.05% drops (Restasis, chronic)",4–6x/day (drops) / 2x/day (Cyclosporine),"8:00 AM (Morning), 1:00 PM (Afternoon), 6:00 PM (Evening) & 10:00 PM (Night, before bed)",Long-term,"Screen breaks (20-20-20 rule), humidifier, omega-3 supplements, avoid smoky environments"
134,Eye Disorders,Uveitis,"Red painful eye, photophobia, blurred vision, floaters; ciliary flush; hypopyon in severe cases",Prednisolone acetate 1% eye drops + Cyclopentolate 1% (mydriatic to prevent synechiae),Hourly (acute) tapering / 3x/day,Every hour as directed (acute phase) — then taper,4–6 weeks (taper),"Urgent ophthalmic referral; systemic workup for underlying cause (HLA-B27, TB, sarcoid, syphilis)"
135,Eye Disorders,Keratitis,"Severe eye pain, photophobia, lacrimation, reduced vision, corneal opacity/infiltrate",Ofloxacin 0.3% drops (bacterial) OR Natamycin 5% (fungal) OR Acyclovir eye ointment (HSV),Hourly initially then taper (bacterial) / 6x/day,Every hour as directed (acute phase) — then taper,14–21 (bacterial) / 21–42 (fungal),Ophthalmologic emergency; stop contact lens use; avoid steroid drops until cause confirmed
136,Eye Disorders,Blepharitis,"Lid margin redness/crusting, gritty eyes, morning lid sticking, recurrent styes, loss of eyelashes",Lid hygiene (warm compress + lid scrubs) + Chloramphenicol ointment 1% (if bacterial) + Artificial tears,2x/day (hygiene routine),8:00 AM (Morning) & 9:00 PM (Night),Long-term (hygiene lifelong),Warm compresses 5–10 min daily followed by lid massage and lid scrubs; omega-3 supplements help
137,Eye Disorders,Diabetic Retinopathy,"Blurred vision, floaters, dark spots, visual field loss (late); often asymptomatic early",Ranibizumab/Bevacizumab intravitreal injections (DME/PDR) + strict glycemic control,Monthly injections (loading) then PRN,8:00 AM (Morning) (monthly dose),Long-term,"Strict HbA1c <7%, BP <130/80; annual dilated fundoscopy; laser photocoagulation; stop smoking"
138,Eye Disorders,Macular Degeneration,"Central vision loss, metamorphopsia (distorted vision), scotoma, difficulty reading",Ranibizumab 0.5mg OR Aflibercept 2mg intravitreal injections (wet AMD); Supplements: AREDS2 (dry AMD),Monthly injections (wet) / Daily supplements (dry),8:00 AM (Morning) (monthly dose),Long-term,Amsler grid self-monitoring; smoking cessation (major risk factor); sunglasses with UV protection; low vision aids
139,Eye Disorders,Ocular Hypertension,Elevated IOP (>21 mmHg) without optic nerve damage or visual field loss; often asymptomatic,Latanoprost 0.005% drops (first-line prostaglandin analogue),1x/day (evening),6:00 PM (Evening),Long-term,Regular IOP monitoring (every 6 months); visual field testing annually; compliance is critical
140,Eye Disorders,Retinal Vein Occlusion,Sudden painless visual loss/blurring (central) or sector visual field loss (branch); flame hemorrhages on fundus,Ranibizumab/Bevacizumab intravitreal injections (macular edema) + treat systemic risk factors,Monthly loading injections then PRN,8:00 AM (Morning) (monthly dose),Long-term (injections) / Lifelong (systemic risk factor treatment),"Control BP, diabetes, hyperlipidemia; aspirin 75mg; screen for thrombophilia; no proven acute treatment"
141,"Ear, Nose & Throat Disorders",Otitis Media,"Ear pain, fever, hearing loss, irritability (children), otorrhea if perforated",Amoxicillin 500mg (if bacterial) / Watchful waiting first 48–72hrs in mild cases + Paracetamol,3x/day / PRN analgesia,"8:00 AM (Morning), 1:00 PM (Afternoon) & 9:00 PM (Night)",5–7 (antibiotic if needed),Analgesia first; avoid water entry; decongestants not recommended in children; referral if recurrent (>3/6 months)
142,"Ear, Nose & Throat Disorders",Otitis Externa,"Severe ear pain (worse on pinna traction), itching, discharge, conductive hearing loss",Acetic acid 2% spray OR Sofradex drops (dexamethasone + framycetin + gramicidin),3–4x/day,"8:00 AM (Morning), 1:00 PM (Afternoon) & 9:00 PM (Night)",7–10,Keep ear dry (cotton wool with Vaseline when showering); avoid cotton buds; ear wick if canal swollen
143,"Ear, Nose & Throat Disorders",Ménière's Disease,"Episodic vertigo (minutes to hours), unilateral sensorineural hearing loss, tinnitus, aural fullness",Betahistine 16mg (prophylaxis) + Prochlorperazine 5mg (acute attack),3x/day (Betahistine) / 3x/day PRN (Prochlorperazine),"8:00 AM (Morning), 1:00 PM (Afternoon) & 9:00 PM (Night)",Betahistine: long-term / Prochlorperazine: short-term PRN,Low-salt diet (<1.5g/day); avoid caffeine/alcohol; vestibular rehab; fall safety during attacks
144,"Ear, Nose & Throat Disorders",Tinnitus,"Persistent ringing/buzzing/hissing in ears; may cause sleep disturbance, anxiety, concentration issues",No curative drug; Betahistine 8–16mg (trial) + Melatonin 2mg (sleep) + Cognitive support,3x/day (Betahistine) / 1x/day at night (Melatonin),"8:00 AM (Morning), 1:00 PM (Afternoon) & 9:00 PM (Night)",Trial 3 months (Betahistine),Sound therapy (white noise); TRT (Tinnitus Retraining Therapy); hearing aids if hearing loss; avoid loud noise
145,"Ear, Nose & Throat Disorders",Laryngitis,"Hoarseness, aphonia, dry cough, sore/scratchy throat, odynophagia; low-grade fever (infective)",Supportive: Paracetamol 500mg + steam inhalation; Omeprazole if LPR related,3–4x/day (Paracetamol),"8:00 AM (Morning), 1:00 PM (Afternoon) & 9:00 PM (Night)",7–10,"Voice rest (do not whisper); stay hydrated; avoid irritants (smoking, alcohol); humidified air; ENT if >3 weeks"
146,"Ear, Nose & Throat Disorders",Tonsillitis,"Sore throat, dysphagia, swollen tonsils with exudate, fever, cervical lymphadenopathy",Amoxicillin 500mg (bacterial/Group A Strep) OR Clarithromycin (if penicillin allergic) + Paracetamol,3x/day / 2x/day / PRN,"8:00 AM (Morning), 1:00 PM (Afternoon) & 9:00 PM (Night)",10 (antibiotic) / PRN (Paracetamol),AVOID Ampicillin/Amoxicillin if mononucleosis suspected (causes rash); tonsillectomy if recurrent (≥7/yr)
147,"Ear, Nose & Throat Disorders",Pharyngitis,"Sore throat, odynophagia, fever, pharyngeal erythema; mostly viral",Paracetamol 500mg + Benzydamine spray (topical analgesic) / Amoxicillin if Centor score ≥3,3–4x/day / 3x/day,"8:00 AM (Morning), 1:00 PM (Afternoon) & 9:00 PM (Night)",5–7 (antibiotic only if bacterial),Gargle warm salt water; adequate hydration; throat swab to guide antibiotic use (avoid overuse)
148,"Ear, Nose & Throat Disorders",Nasal Polyps,"Bilateral nasal obstruction, anosmia, rhinorrhea, post-nasal drip; associated with asthma/aspirin sensitivity",Mometasone furoate nasal spray 200mcg/day + Dupilumab 300mg SC (if biologic eligible),2 sprays/nostril 1x/day / Biweekly injection,8:00 AM (Morning) (once weekly),Long-term (spray) / 16+ weeks (Dupilumab),Avoid aspirin/NSAIDs (if NSAID-exacerbated respiratory disease); saline irrigation; surgical polypectomy if unresponsive
149,"Ear, Nose & Throat Disorders",Epiglottitis,"Medical emergency: rapid onset high fever, stridor, drooling, dysphagia, 'tripod' posture, muffled voice",Ceftriaxone 2g IV + Dexamethasone 0.1–0.6mg/kg IV (airway protection),1–2x/day IV,8:00 AM (Morning),7–10 (IV antibiotics in ICU),DO NOT examine throat without airway support; secure airway first; Hib vaccine prevention
150,"Ear, Nose & Throat Disorders",Vestibular Neuritis,"Sudden severe vertigo, nausea/vomiting, gait instability; no hearing loss; follows viral URTI","Prochlorperazine 5mg (acute vestibular sedative) + Prednisolone 50mg (early, if within 72hrs)",3x/day (Prochlorperazine short-term) / 1x/day (Prednisolone tapering),"8:00 AM (Morning), 1:00 PM (Afternoon) & 9:00 PM (Night)",3–5 days (vestibular sedative); 3 weeks (Prednisolone taper),Vestibular rehabilitation exercises (Cawthorne-Cooksey); early mobilization; fall precautions; avoid driving during acute phase
151,Skin Disorders,Rosacea,"Facial flushing, persistent erythema, papulopustules, telangiectasia, rhinophyma (late); triggered by sun/heat/alcohol",Metronidazole 0.75% gel + Azelaic acid 15% gel (topical) / Doxycycline 40mg (papulopustular),2x/day (topical) / 1x/day (Doxycycline),8:00 AM (Morning) & 9:00 PM (Night),8–12 weeks,"Sun protection (SPF50+ daily); avoid triggers (heat, alcohol, spicy food); gentle skincare; laser for erythema/telangiectasia"
152,Skin Disorders,Seborrheic Dermatitis,"Greasy yellowish scales on scalp/face/nasolabial folds, itching, erythema, dandruff","Ketoconazole 2% shampoo/cream + Hydrocortisone 1% cream (face, short-term)",2–3x/week (shampoo) / 2x/day (cream),8:00 AM (Morning) & 9:00 PM (Night) (primary medicine); see notes for others,4 weeks (then maintenance),Maintenance use 1–2x/month to prevent recurrence; avoid harsh soaps; stress management
153,Skin Disorders,Vitiligo,"Depigmented white patches (hands, face, genitalia, bony prominences); cosmetically distressing; no systemic symptoms",Tacrolimus 0.1% ointment (face/folds) OR Clobetasol 0.05% cream (body) + Ruxolitinib 1.5% cream (newer topical JAK-i),2x/day,8:00 AM (Morning) & 9:00 PM (Night),3–6 months (assess response),Strict sun protection of depigmented areas (burn easily); cosmetic camouflage; NB-UVB phototherapy; psychological support
154,Skin Disorders,Hidradenitis Suppurativa,"Recurrent painful nodules/abscesses in axillae/groin/inframammary areas, sinus tracts, scarring","Clindamycin 1% lotion (topical, mild) + Doxycycline 100mg (oral, moderate) / Adalimumab 40mg (severe, biologic)",2x/day (topical) / 2x/day (Doxy) / Biweekly SC (Adalimumab),8:00 AM (Morning) & 9:00 PM (Night),Long-term,Weight loss; stop smoking (significant trigger); warm compresses; antiseptic washes; surgical drainage if abscess
155,Skin Disorders,Impetigo,Honey-colored crusted lesions (non-bullous) or fluid-filled bullae (bullous) around face/extremities,Fusidic acid 2% cream (localized) OR Flucloxacillin 500mg (extensive/systemic),3x/day (topical) / 4x/day (oral),"8:00 AM (Morning), 1:00 PM (Afternoon) & 9:00 PM (Night)",5–7,Keep lesions covered; good hand hygiene; avoid school/work until crusts cleared; clean shared items
156,Skin Disorders,Cellulitis,"Unilateral spreading erythema, warmth, swelling, tenderness, fever; usually lower limbs",Flucloxacillin 500mg (mild-moderate) OR Amoxicillin-Clavulanate 625mg / Benzylpenicillin IV (severe),4x/day / 3x/day,"8:00 AM (Morning), 1:00 PM (Afternoon), 6:00 PM (Evening) & 10:00 PM (Night, before bed)",7–14 (oral) / 5–7 (IV then step down),Mark erythema border to monitor spread; elevate limb; moisturize to prevent fissures; treat tinea pedis as portal
157,Skin Disorders,Scabies,"Intense nocturnal pruritus, burrows (finger webs/wrists/genitalia), papular rash, secondary infection",Permethrin 5% cream (from neck down) + Oral Ivermectin 200mcg/kg (if extensive/crusted),Single application (repeat at 7 days) / Single dose (repeat at 14 days),"8:00 AM (Morning) (application, repeat as scheduled)",Two applications 1 week apart,Treat all household contacts simultaneously; wash all clothing/bedding at 60°C; vacuum furniture
158,Skin Disorders,Urticaria,"Transient itchy wheals (hives), angioedema, dermographism; acute <6 weeks / chronic >6 weeks",Cetirizine 10mg OR Fexofenadine 180mg (non-sedating first-line) / Omalizumab 300mg (chronic refractory),1x/day / Monthly SC (Omalizumab),8:00 AM (Morning),Acute: short-term; Chronic: long-term,Identify and avoid triggers; adrenaline auto-injector if risk of anaphylaxis; avoid aspirin/NSAIDs/ACE-inhibitors
159,Skin Disorders,Contact Dermatitis,"Erythema, vesicles, weeping, pruritus at site of contact (allergic) or irritant exposure; clear borders",Hydrocortisone 1% cream (mild) OR Betamethasone valerate 0.1% (moderate-severe) + Emollient,2x/day (steroid) / 3–4x/day (emollient),8:00 AM (Morning) & 9:00 PM (Night),1–2 weeks (steroid) / Long-term (emollient),Identify and avoid causative allergen/irritant; patch testing; protective gloves; barrier cream
160,Skin Disorders,Alopecia Areata,Well-circumscribed patches of non-scarring hair loss; exclamation mark hairs at patch margins; nail pitting,Intralesional Triamcinolone 10mg/mL (patches) OR Topical Minoxidil 5% + Baricitinib 4mg (severe),Every 4–6 weeks (injection) / 2x/day (Minoxidil) / 1x/day (Baricitinib),8:00 AM (Morning) (on scheduled dosing day),6–12 months (then reassess),Psychological support; wigs/hairpieces; avoid mechanical trauma; spontaneous remission possible in 50%
161,Women's Health Disorders,Endometriosis,"Severe dysmenorrhea, dyspareunia, chronic pelvic pain, dyschezia, infertility, menorrhagia",Combined OCP (continuous) OR Norethindrone acetate 5mg / Dienogest 2mg + NSAID (pain),1x/day (hormonal) / PRN (NSAID),8:00 AM (Morning),Long-term,Laparoscopic diagnosis/treatment; pain diary; physiotherapy; surgical excision for severe disease/infertility
162,Women's Health Disorders,Uterine Fibroids,"Menorrhagia, pelvic pressure, urinary frequency/urgency, dysmenorrhea, subfertility",Tranexamic acid 1g (menorrhagia) + Ulipristal acetate (Esmya) 5mg OR GnRH agonist (Leuprorelin) pre-surgery,3x/day during menses / 1x/day (3 months),"8:00 AM (Morning), 1:00 PM (Afternoon) & 9:00 PM (Night)",5 days (Tranexamic) / 3 months (hormonal),Iron supplementation for anemia; NSAIDs for pain; myomectomy/hysterectomy if severe; uterine artery embolization
163,Women's Health Disorders,Pelvic Inflammatory Disease,"Lower abdominal pain, fever, cervical motion tenderness, mucopurulent discharge, dyspareunia",Ceftriaxone 500mg IM (single) + Doxycycline 100mg + Metronidazole 400mg,Single IM / 2x/day + 2x/day,8:00 AM (Morning) & 9:00 PM (Night) (primary medicine); see notes for others,14 days (Doxycycline + Metronidazole),Treat partner; avoid sex until course completed; IUCD removal if not settling; check for chlamydia/gonorrhea
164,Women's Health Disorders,Menorrhagia,"Heavy menstrual bleeding (>80ml/cycle), prolonged periods >7 days, flooding, passage of clots",Tranexamic acid 1g + Mefenamic acid 500mg (during menses) / Levonorgestrel-IUS (Mirena) long-term,3x/day each (during period) / IUS long-term,"8:00 AM (Morning), 1:00 PM (Afternoon) & 9:00 PM (Night)",5 days per cycle / 5 years (Mirena),"Iron supplementation; treat underlying cause (fibroids, PCOS, coagulation disorders); endometrial biopsy if >40yrs"
165,Women's Health Disorders,PMDD,"Severe mood swings, irritability, depression, anxiety, bloating, breast tenderness, fatigue premenstrually",Sertraline 50mg (continuous or luteal phase only) OR Combined OCP (Drospirenone-containing),1x/day,8:00 AM (Morning),Cyclical or long-term,Symptom diary (2+ cycles to confirm); regular exercise; calcium 1200mg/day supplements; CBT
166,Women's Health Disorders,Vaginitis,"Vaginal discharge (colour/odour varies by cause), itching, burning, odour",Metronidazole 400mg (BV) OR Clotrimazole pessary (Candida) OR Doxycycline (atrophic: Estradiol cream),2x/day (Metro) / Single dose (Clotrimazole),8:00 AM (Morning) & 9:00 PM (Night),7 (BV) / Single (Candida),Microscopy/pH testing to confirm cause; avoid douching; cotton underwear; treat partner for Trichomonas
167,Women's Health Disorders,Vulvovaginal Candidiasis,"Thick white cottage-cheese discharge, intense vulval itching, burning, dyspareunia, erythema",Clotrimazole 500mg pessary (single) OR Fluconazole 150mg oral,Single dose (pessary or oral),8:00 AM (Morning) (one-time dose),1–3 days,Avoid tight synthetic clothing; control blood sugar (diabetics); probiotics; recurrent (>4/yr) needs prophylactic fluconazole
168,Women's Health Disorders,Menopausal Symptoms,"Hot flushes, night sweats, vaginal dryness, mood changes, sleep disturbance, urinary symptoms",HRT: Estradiol patch 50mcg + Norethisterone 1mg (if uterus intact) / Vagifem vaginal tablets,Twice weekly patch + 1x/day oral / Vagifem 1x/day initially,8:00 AM (Morning) (once weekly),Long-term (review annually),Annual breast exam/mammogram; bone density monitoring; SSRIs (Venlafaxine) if HRT contraindicated; lifestyle measures
169,Women's Health Disorders,Dysmenorrhea,"Crampy lower abdominal pain at start of menstruation, radiation to back/thighs, nausea, diarrhea",Ibuprofen 400mg OR Mefenamic acid 500mg (start 1–2 days before period),3x/day (with food),"8:00 AM (Morning), 1:00 PM (Afternoon) & 9:00 PM (Night)",3–5 days per cycle,"Heat application (hot water bottle); regular exercise; exclude secondary causes (endometriosis, fibroids); OCP effective for primary dysmenorrhea"
170,Women's Health Disorders,Infertility (certain causes),"Inability to conceive after 12 months unprotected intercourse; PCOS, ovulatory dysfunction, hypothyroidism causes",Clomifene citrate 50–100mg (ovulation induction – PCOS/anovulation) OR Letrozole 2.5–5mg,1x/day on days 2–6 of cycle (Clomifene) / 1x/day (Letrozole),8:00 AM (Morning),"5 days per cycle, up to 6 cycles",Optimize BMI; treat thyroid/hormonal disorders; folate 400mcg/day; lifestyle modification; referral for IUI/IVF
171,Pediatric Disorders,"Hand, Foot and Mouth Disease","Fever, oral ulcers, vesicular rash on hands/feet/buttocks; mainly in children <5 years; Coxsackievirus","Supportive: Paracetamol/Ibuprofen (fever/pain) + Oral gel (e.g., Lidocaine gel) for oral ulcers",3–4x/day as needed,"8:00 AM (Morning), 1:00 PM (Afternoon) & 9:00 PM (Night)",5–7,Isolate from school/daycare; hand hygiene; cool fluids/ice lollies; monitor hydration; no specific antiviral
172,Pediatric Disorders,Croup,"Barking ('seal-like') cough, inspiratory stridor, hoarseness, low-grade fever; worse at night; under 5 years",Dexamethasone 0.15–0.6mg/kg oral (single dose) + Nebulized Budesonide (moderate-severe) / Nebulized Adrenaline (severe),Single dose (Dexa) / Once (Budesonide) / Repeat PRN (Adrenaline),8:00 AM (Morning) (one-time dose),1–3,Cool mist/night air; calm the child (agitation worsens stridor); emergency if severe respiratory distress
173,Pediatric Disorders,RSV Infection,"Runny nose, cough, wheeze, tachypnea, feeding difficulty, hypoxia; severe in infants <6 months",Supportive: Nasal saline drops + Suction + Paracetamol + Oxygen if SpO2 <92%,PRN feeds/suctioning / 4x/day Paracetamol,As needed (PRN) — typically Morning or Night when symptoms occur,5–10,Palivizumab prophylaxis for high-risk infants; hand hygiene; breastfeeding protective; no bronchodilators in infants
174,Pediatric Disorders,Scarlet Fever,"Sandpaper rash (trunk first), strawberry tongue, pharyngitis, fever, circumoral pallor, Pastia's lines",Amoxicillin 50mg/kg/day OR Phenoxymethylpenicillin + Paracetamol (fever),3x/day (Amoxicillin) / PRN (Paracetamol),"8:00 AM (Morning), 1:00 PM (Afternoon) & 9:00 PM (Night)",10,Notifiable disease; exclude from school for 24 hrs after starting antibiotics; treat to prevent rheumatic fever/glomerulonephritis
175,Pediatric Disorders,Pinworm Infection,"Perianal/nocturnal itching, disturbed sleep, visible worms around anus at night; irritability",Mebendazole 100mg (>2yrs) OR Albendazole 400mg (single dose; repeat at 2 weeks),"Single dose (x2, 2 weeks apart)",8:00 AM (Morning) (one-time dose),2 doses,Treat ALL household members simultaneously; wash bedding/underwear daily; cut fingernails short; hand hygiene
176,Pediatric Disorders,Kawasaki Disease,"Fever >5 days + 4 of: bilateral conjunctivitis, rash, oral changes (strawberry tongue), cervical lymphadenopathy, hand/foot changes","IVIG 2g/kg IV (single infusion) + Aspirin 30–50mg/kg/day (high dose, then reduce)",Single infusion (IVIG) / 4x/day (Aspirin) then taper,"8:00 AM (Morning), 1:00 PM (Afternoon), 6:00 PM (Evening) & 10:00 PM (Night, before bed) (primary medicine); see notes for others",IVIG: Single / Aspirin: 6–8 weeks,Echocardiogram to assess coronary aneurysms; monitor ESR/CRP; long-term cardiology follow-up if coronary involvement
177,Pediatric Disorders,Juvenile Idiopathic Arthritis,"Joint swelling/pain/morning stiffness (>6 weeks in children <16yrs); fever, rash (systemic JIA); uveitis risk",Naproxen 5–10mg/kg/dose (NSAIDs) + Methotrexate 10–15mg/m² (disease-modifying) + Etanercept (biologic if refractory),2x/day (Naproxen) / Weekly (MTX) / Weekly SC (Etanercept),8:00 AM (Morning) & 9:00 PM (Night),Long-term,Annual slit-lamp exam (uveitis screening); physiotherapy; occupational therapy; school accommodations; growth monitoring
178,Pediatric Disorders,Febrile Seizures,Brief (<15 min) tonic-clonic seizure with fever in child 6 months–5 years; no CNS infection,Diazepam rectal 5–10mg (if seizure >5 min) / Midazolam buccal 0.3mg/kg + Paracetamol (fever management),PRN (Diazepam – rescue only) / PRN (Paracetamol),As needed (PRN) — typically Morning or Night when symptoms occur,PRN,Lay child on side (recovery position); do NOT restrain; fever management; LP to exclude meningitis if <18 months; parental education
179,Pediatric Disorders,Pediatric Constipation,"Infrequent hard stools (<3/week), straining, painful defecation, abdominal pain, soiling (overflow incontinence)",Macrogol (PEG 4000) 0.5–1g/kg (disimpaction) then maintenance dose + Lactulose 1–3ml/kg,1–2x/day (Macrogol) / 2x/day (Lactulose),8:00 AM (Morning),Disimpaction 7 days then maintenance 3–6 months,"High-fiber diet, adequate fluids (for age), regular toilet routine after meals, positive reinforcement; exclude Hirschsprung's"
180,Pediatric Disorders,Pediatric Asthma,"Wheeze, cough (worse at night/exercise), breathlessness, chest tightness; episodic; triggered by URTI/allergens","Salbutamol 100mcg inhaler (2–4 puffs via spacer, PRN) + Beclomethasone 50–100mcg (preventer)",PRN (Salbutamol) / 2x/day (Beclomethasone),As needed (PRN) — typically Morning or Night when symptoms occur,Preventer: Long-term,Use spacer always; written asthma action plan; trigger avoidance; annual review; influenza vaccine
181,Cancer & Oncology Conditions,Breast Cancer,"Painless breast lump, skin dimpling/peau d'orange, nipple discharge/inversion, axillary lymphadenopathy","Tamoxifen 20mg (premenopausal, hormone receptor +ve) OR Letrozole 2.5mg (postmenopausal) + Chemotherapy (as per protocol)",1x/day (endocrine) / Cyclical IV (chemo),8:00 AM (Morning),5–10 years (endocrine) / 6 cycles (chemo),Breast self-examination; annual mammography; genetic testing (BRCA); bone density monitoring on AI; adherence critical
182,Cancer & Oncology Conditions,Lung Cancer,"Persistent cough, hemoptysis, dyspnea, weight loss, hoarseness, chest pain, Horner's syndrome",Erlotinib/Osimertinib (EGFR+) OR Pembrolizumab (high PD-L1) / Carboplatin + Paclitaxel (chemo),1x/day (oral targeted) / 3-weekly IV cycles,8:00 AM (Morning),Lifelong (targeted) / 4–6 cycles (chemo),Smoking cessation; palliative care integration; nutritional support; CT surveillance; molecular testing before treatment
183,Cancer & Oncology Conditions,Colorectal Cancer,"Change in bowel habit, rectal bleeding, abdominal pain, weight loss, iron-deficiency anemia, tenesmus",Capecitabine 1250mg/m² (adjuvant oral) OR FOLFOX/FOLFIRI (IV regimen) + Bevacizumab (metastatic),2x/day days 1–14 (Cape) / 2-weekly IV cycles,8:00 AM (Morning) & 9:00 PM (Night),6 months (adjuvant) / Continuous until progression,Colonoscopy surveillance post-resection; high-fiber diet; CEA monitoring; genetic testing (Lynch syndrome)
184,Cancer & Oncology Conditions,Prostate Cancer,"Often asymptomatic (early); urinary symptoms, bone pain (metastatic), elevated PSA",Enzalutamide 160mg OR Abiraterone 1000mg + Prednisolone 5mg (CRPC) / Leuprorelin 3-monthly SC (ADT),1x/day (Enza) / 1x/day (Abira) / 3-monthly injection,8:00 AM (Morning),Long-term,"Bone protection (Zoledronic acid, Denosumab); monitor PSA; bone density; cardiovascular risk on ADT"
185,Cancer & Oncology Conditions,Leukemia,"Fatigue, pallor, recurrent infections, bruising/bleeding, lymphadenopathy, bone pain, splenomegaly",Imatinib 400mg (CML) / ATRA + Arsenic trioxide (APL) / R-CHOP (B-cell) / Daunorubicin + Cytarabine (AML induction),1x/day (Imatinib) / Protocol-based IV cycles,8:00 AM (Morning),Lifelong (CML) / Protocol-dependent (others),Infection prevention (neutropenic precautions); mouth care; blood product support; fertility preservation before chemo
186,Cancer & Oncology Conditions,Lymphoma,"Painless lymphadenopathy, B symptoms (fever, night sweats, weight loss), fatigue, pruritus",R-CHOP (rituximab+cyclophosphamide+doxorubicin+vincristine+prednisolone) / ABVD (Hodgkin's),3-weekly cycles (6 cycles standard),8:00 AM (Morning) (once weekly),6 cycles (~18 weeks),Infection prevention; G-CSF support; cardiac monitoring (anthracyclines); surveillance PET-CT; fertility preservation
187,Cancer & Oncology Conditions,Multiple Myeloma,"Bone pain (CRAB: hyperCalcemia, Renal failure, Anemia, Bone lesions), fatigue, recurrent infections",Bortezomib + Lenalidomide + Dexamethasone (VRd) induction / Daratumumab-based (newer),Weekly SC (Bortezomib) + Daily (Len) + Weekly (Dexa) – 4-week cycles,8:00 AM (Morning) (Daily dose); 9:00 PM (Night) (Weekly doses on cycle days),4–6 cycles then maintenance (Lenalidomide),Bone protection (Zoledronic acid); VTE prophylaxis on Lenalidomide; infection prophylaxis; hydration for renal protection
188,Cancer & Oncology Conditions,Ovarian Cancer,"Abdominal bloating/distension, pelvic pain, early satiety, urinary frequency, weight changes, elevated CA-125",Carboplatin AUC5 + Paclitaxel 175mg/m² IV + Bevacizumab (advanced) / Olaparib (BRCA mutated maintenance),3-weekly IV cycles / 1x/day (Olaparib maintenance),8:00 AM (Morning) (once weekly),6 cycles / 2 years (Olaparib),CA-125 and CT monitoring; genetic counseling (BRCA); secondary surgical cytoreduction; nutritional support
189,Cancer & Oncology Conditions,Thyroid Cancer,"Neck lump, dysphagia, hoarseness, cervical lymphadenopathy; most are well-differentiated papillary",Levothyroxine (TSH suppression: 0.1–0.5 mU/L) post-thyroidectomy / Radioactive iodine (I-131) ablation,1x/day (Levothyroxine – lifelong),8:00 AM (Morning),Lifelong,Post-RAI diet (low iodine before); annual thyroglobulin and neck ultrasound; Cabozantinib/Sorafenib for advanced
190,Cancer & Oncology Conditions,Melanoma,"Changing mole (ABCDE: Asymmetry, Border irregularity, Color variation, Diameter >6mm, Evolution), bleeding, pruritus",Pembrolizumab 200mg IV (adjuvant/advanced) OR BRAF+: Dabrafenib + Trametinib (targeted therapy),3-weekly IV / 2x/day + 1x/day (targeted),8:00 AM (Morning) (once weekly),1 year (adjuvant Pemb) / Until progression (targeted),Sun protection (SPF50+ always); annual full-body skin exam; dermatoscopy surveillance; sentinel lymph node biopsy
191,"Genetic, Rare & Miscellaneous Disorders",Marfan Syndrome,"Tall stature, arachnodactyly, lens dislocation, aortic root dilation/dissection risk, pectus excavatum, joint hypermobility",Losartan 25–100mg OR Atenolol 25–100mg (aortic root protection),1x/day (Losartan) / 1x/day (Atenolol),8:00 AM (Morning),Lifelong,Annual echo (aortic root monitoring); avoid contact sports/strenuous exercise; ophthalmology follow-up; genetic counseling
192,"Genetic, Rare & Miscellaneous Disorders",Huntington Disease,"Chorea, cognitive decline, psychiatric symptoms (depression, irritability), dysphagia, weight loss; autosomal dominant",Tetrabenazine 12.5–25mg (chorea) + Sertraline (depression) + Clonazepam (anxiety/sleep),2–3x/day / 1x/day / 1x/day (at night),8:00 AM (Morning) & 9:00 PM (Night),Lifelong,No disease-modifying treatment yet; multidisciplinary team care; genetic counseling for family; speech therapy; physiotherapy; advance care planning
193,"Genetic, Rare & Miscellaneous Disorders",ALS,"Progressive limb weakness, fasciculations, dysarthria, dysphagia, respiratory failure; UMN+LMN signs",Riluzole 50mg + Edaravone 60mg IV (infusion cycles) + symptomatic (Baclofen for spasticity),2x/day (Riluzole) / 14-day cycles then 14 days off (Edaravone),8:00 AM (Morning) & 9:00 PM (Night),Lifelong (Riluzole),Multidisciplinary team; PEG (feeding) when dysphagia severe; NIV for respiratory support; advance directives early; palliative care
194,"Genetic, Rare & Miscellaneous Disorders",Fabry Disease,"Acroparesthesia (burning pain in hands/feet), angiokeratomas, hypohidrosis, corneal verticillata, renal/cardiac involvement",Agalsidase beta (Fabrazyme) 1mg/kg IV infusion OR Migalastat 123mg (if amenable mutation),Every 2 weeks (IV) / Every other day (Migalastat),8:00 AM (Morning) (on scheduled dosing day),Lifelong,"Analgesics (carbamazepine) for pain crises; renal monitoring; cardiology; avoid triggers (heat, exercise); genetic counseling"
195,"Genetic, Rare & Miscellaneous Disorders",Gaucher Disease,"Splenomegaly, hepatomegaly, bone pain/crises, anemia, thrombocytopenia; Ashkenazi Jewish association",Imiglucerase (Cerezyme) IV infusion 60U/kg OR Eliglustat 84mg oral (substrate reduction therapy),Every 2 weeks (IV) / 2x/day (oral),8:00 AM (Morning) (on scheduled dosing day),Lifelong,"Monitor CBC, ferritin, chitotriosidase; orthopedic management (bone crises); splenectomy rarely needed now; genetic counseling"
196,"Genetic, Rare & Miscellaneous Disorders",Paget Disease of Bone,"Bone pain, bone deformity (bowed tibia, enlarged skull), warmth over bone, elevated ALP; may be asymptomatic",Zoledronic acid 5mg IV (single infusion – highly effective) OR Risedronate 30mg oral (alternative),Single IV infusion / 1x/day,8:00 AM (Morning) (primary medicine); see notes for others,Single dose (Zoledronic) / 2 months (Risedronate),Calcium 1000mg + Vitamin D 800IU supplementation; hearing assessment (skull involvement); monitor ALP to assess response
197,"Genetic, Rare & Miscellaneous Disorders",Sarcoidosis,"Dyspnea, cough, bilateral hilar lymphadenopathy, erythema nodosum, uveitis, hypercalcemia, fatigue, lupus pernio",Prednisolone 20–40mg (symptomatic disease) + Methotrexate 10–15mg/week (steroid-sparing),1x/day (Prednisolone) / Weekly (MTX),8:00 AM (Morning),6–24 months (most remit),"Many cases remit spontaneously; avoid calcium/vitamin D supplementation (hypercalcemia risk); organ-specific monitoring (lungs, eyes, heart)"
198,"Genetic, Rare & Miscellaneous Disorders",Behçet Disease,"Recurrent oral ulcers (pathognomonic), genital ulcers, uveitis, skin lesions (pseudofolliculitis), arthritis, CNS involvement",Colchicine 0.5–1mg (oral ulcers/arthritis) + Azathioprine 2.5mg/kg/day (systemic) / Infliximab (severe),2x/day (Colchicine) / 1x/day (Azathioprine),8:00 AM (Morning) & 9:00 PM (Night),Long-term,Topical steroids for oral/genital ulcers; ophthalmology for uveitis; anticoagulation for vascular disease; avoid pathergy triggers
199,"Genetic, Rare & Miscellaneous Disorders",Chronic Fatigue Syndrome,"Profound fatigue >6 months not relieved by rest, post-exertional malaise, cognitive impairment ('brain fog'), sleep disturbance, orthostatic intolerance",No curative drug; Low-dose Amitriptyline 10–25mg (sleep/pain) + Melatonin 2mg + Fludrocortisone 0.1mg (if POTS component),1x/day at night (Amitriptyline) / 1x/day (Melatonin) / 1x/day (Fludrocortisone),8:00 AM (Morning),Long-term (individualized),Pacing (energy management – most important); avoid boom-bust cycle; graded activity (not aggressive GET); cognitive support; MDT approach; psychological support
200,"Genetic, Rare & Miscellaneous Disorders",Fibromyalgia,"Widespread musculoskeletal pain, allodynia, fatigue, non-restorative sleep, cognitive difficulties, IBS, headache",Duloxetine 60mg + Pregabalin 75–150mg + Low-dose Amitriptyline 10–25mg (at night),1x/day (Duloxetine) / 2x/day (Pregabalin) / 1x/day at night (Amitriptyline),8:00 AM (Morning),Long-term,Aerobic exercise (most evidence-based intervention); CBT; sleep hygiene; patient education; avoid opioids; multidisciplinary pain management
